name,category,csv_name,source_url,local_path,row_count,downloaded_at,ok,error
Nifty 50,broad,ind_nifty50list.csv,https://www.niftyindices.com/IndexConstituent/ind_nifty50list.csv,data/niftyindices/broad/ind_nifty50list.csv,50,2026-09-05T19:01:04.840300+00:00,True,
Nifty Next 50,broad,ind_niftynext50list.csv,https://www.niftyindices.com/IndexConstituent/ind_niftynext50list.csv,data/niftyindices/broad/ind_niftynext50list.csv,50,2026-09-05T19:01:05.680421+00:00,True,
Nifty 100,broad,ind_nifty100list.csv,https://www.niftyindices.com/IndexConstituent/ind_nifty100list.csv,data/niftyindices/broad/ind_nifty100list.csv,100,2026-09-05T19:01:06.490648+00:00,True,
Nifty 200,broad,ind_nifty200list.csv,https://www.niftyindices.com/IndexConstituent/ind_nifty200list.csv,data/niftyindices/broad/ind_nifty200list.csv,200,2026-09-05T19:01:07.513776+00:00,True,
Nifty 500,broad,ind_nifty500list.csv,https://www.niftyindices.com/IndexConstituent/ind_nifty500list.csv,data/niftyindices/broad/ind_nifty500list.csv,500,2026-09-05T19:01:08.273998+00:00,True,
Nifty Midcap 50,broad,ind_niftymidcap50list.csv,https://www.niftyindices.com/IndexConstituent/ind_niftymidcap50list.csv,data/niftyindices/broad/ind_niftymidcap50list.csv,50,2026-09-05T19:01:09.076785+00:00,True,
Nifty Midcap 100,broad,ind_niftymidcap100list.csv,https://www.niftyindices.com/IndexConstituent/ind_niftymidcap100list.csv,data/niftyindices/broad/ind_niftymidcap100list.csv,100,2026-09-05T19:01:10.433526+00:00,True,
Nifty Midcap 150,broad,ind_niftymidcap150list.csv,https://www.niftyindices.com/IndexConstituent/ind_niftymidcap150list.csv,data/niftyindices/broad/ind_niftymidcap150list.csv,150,2026-09-05T19:01:11.266115+00:00,True,
Nifty Smallcap 50,broad,ind_niftysmallcap50list.csv,https://www.niftyindices.com/IndexConstituent/ind_niftysmallcap50list.csv,data/niftyindices/broad/ind_niftysmallcap50list.csv,50,2026-09-05T19:01:12.299241+00:00,True,
Nifty Smallcap 100,broad,ind_niftysmallcap100list.csv,https://www.niftyindices.com/IndexConstituent/ind_niftysmallcap100list.csv,data/niftyindices/broad/ind_niftysmallcap100list.csv,100,2026-09-05T19:01:13.072841+00:00,True,
Nifty Smallcap 250,broad,ind_niftysmallcap250list.csv,https://www.niftyindices.com/IndexConstituent/ind_niftysmallcap250list.csv,data/niftyindices/broad/ind_niftysmallcap250list.csv,250,2026-09-05T19:01:13.948035+00:00,True,
Nifty LargeMidcap 250,broad,ind_niftylargemidcap250list.csv,https://www.niftyindices.com/IndexConstituent/ind_niftylargemidcap250list.csv,data/niftyindices/broad/ind_niftylargemidcap250list.csv,250,2026-09-05T19:01:14.994949+00:00,True,
Nifty MidSmallcap 400,broad,ind_niftymidsmallcap400list.csv,https://www.niftyindices.com/IndexConstituent/ind_niftymidsmallcap400list.csv,data/niftyindices/broad/ind_niftymidsmallcap400list.csv,400,2026-09-05T19:01:15.819826+00:00,True,
Nifty Microcap 250,broad,ind_niftymicrocap250_list.csv,https://www.niftyindices.com/IndexConstituent/ind_niftymicrocap250_list.csv,data/niftyindices/broad/ind_niftymicrocap250_list.csv,254,2026-09-05T19:01:16.803273+00:00,True,
Nifty Total Market,broad,ind_niftytotalmarket_list.csv,https://www.niftyindices.com/IndexConstituent/ind_niftytotalmarket_list.csv,data/niftyindices/broad/ind_niftytotalmarket_list.csv,754,2026-09-05T19:01:17.357313+00:00,True,
Nifty Auto,sectoral,ind_niftyautolist.csv,https://www.niftyindices.com//IndexConstituent/ind_niftyautolist.csv,data/niftyindices/sectoral/ind_niftyautolist.csv,15,2026-09-05T19:01:19.653986+00:00,True,
Nifty Bank,sectoral,ind_niftybanklist.csv,https://www.niftyindices.com//IndexConstituent/ind_niftybanklist.csv,data/niftyindices/sectoral/ind_niftybanklist.csv,14,2026-09-05T19:01:20.669951+00:00,True,
Nifty Financial Services,sectoral,ind_niftyfinancelist.csv,https://www.niftyindices.com/IndexConstituent/ind_niftyfinancelist.csv,data/niftyindices/sectoral/ind_niftyfinancelist.csv,20,2026-09-05T19:01:21.631193+00:00,True,
Nifty FMCG,sectoral,ind_niftyfmcglist.csv,https://www.niftyindices.com/IndexConstituent/ind_niftyfmcglist.csv,data/niftyindices/sectoral/ind_niftyfmcglist.csv,15,2026-09-05T19:01:22.655693+00:00,True,
Nifty IT,sectoral,ind_niftyitlist.csv,https://www.niftyindices.com/IndexConstituent/ind_niftyitlist.csv,data/niftyindices/sectoral/ind_niftyitlist.csv,10,2026-09-05T19:01:23.197485+00:00,True,
Nifty Media,sectoral,ind_niftymedialist.csv,https://www.niftyindices.com/IndexConstituent/ind_niftymedialist.csv,data/niftyindices/sectoral/ind_niftymedialist.csv,10,2026-09-05T19:01:23.992901+00:00,True,
Nifty Metal,sectoral,ind_niftymetallist.csv,https://www.niftyindices.com/IndexConstituent/ind_niftymetallist.csv,data/niftyindices/sectoral/ind_niftymetallist.csv,15,2026-09-05T19:01:24.850181+00:00,True,
Nifty Pharma,sectoral,ind_niftypharmalist.csv,https://www.niftyindices.com/IndexConstituent/ind_niftypharmalist.csv,data/niftyindices/sectoral/ind_niftypharmalist.csv,20,2026-09-05T19:01:25.694948+00:00,True,
Nifty Private Bank,sectoral,ind_nifty_privatebanklist.csv,https://www.niftyindices.com/IndexConstituent/ind_nifty_privatebanklist.csv,data/niftyindices/sectoral/ind_nifty_privatebanklist.csv,10,2026-09-05T19:01:26.752960+00:00,True,
Nifty PSU Bank,sectoral,ind_niftypsubanklist.csv,https://www.niftyindices.com/IndexConstituent/ind_niftypsubanklist.csv,data/niftyindices/sectoral/ind_niftypsubanklist.csv,12,2026-09-05T19:01:27.687731+00:00,True,
Nifty Realty,sectoral,ind_niftyrealtylist.csv,https://www.niftyindices.com/IndexConstituent/ind_niftyrealtylist.csv,data/niftyindices/sectoral/ind_niftyrealtylist.csv,10,2026-09-05T19:01:28.187544+00:00,True,
Nifty Healthcare,sectoral,ind_niftyhealthcarelist.csv,https://www.niftyindices.com/IndexConstituent/ind_niftyhealthcarelist.csv,data/niftyindices/sectoral/ind_niftyhealthcarelist.csv,20,2026-09-05T19:01:29.043199+00:00,True,
Nifty Consumer Durables,sectoral,ind_niftyconsumerdurableslist.csv,https://www.niftyindices.com/IndexConstituent/ind_niftyconsumerdurableslist.csv,data/niftyindices/sectoral/ind_niftyconsumerdurableslist.csv,13,2026-09-05T19:01:29.907533+00:00,True,
Nifty Oil & Gas,sectoral,ind_niftyoilgaslist.csv,https://www.niftyindices.com/IndexConstituent/ind_niftyoilgaslist.csv,data/niftyindices/sectoral/ind_niftyoilgaslist.csv,15,2026-09-05T19:01:30.808497+00:00,True,
Nifty Chemicals,sectoral,ind_niftychemicalslist.csv,https://www.niftyindices.com/IndexConstituent/ind_niftyChemicals_list.csv,data/niftyindices/sectoral/ind_niftychemicalslist.csv,20,2026-09-05T19:01:31.616312+00:00,True,
Nifty Financial Services Ex-Bank,sectoral,ind_niftyfinancialservicesexbank_list.csv,https://www.niftyindices.com/IndexConstituent/ind_niftyfinancialservicesexbank_list.csv,data/niftyindices/sectoral/ind_niftyfinancialservicesexbank_list.csv,30,2026-09-05T19:01:32.667525+00:00,True,
Nifty Commodities,thematic,ind_niftycommoditieslist.csv,https://www.niftyindices.com/IndexConstituent/ind_niftycommoditieslist.csv,data/niftyindices/thematic/ind_niftycommoditieslist.csv,30,2026-09-05T19:01:33.563608+00:00,True,
Nifty CPSE,thematic,ind_niftycpselist.csv,https://www.niftyindices.com/IndexConstituent/ind_niftycpselist.csv,data/niftyindices/thematic/ind_niftycpselist.csv,11,2026-09-05T19:01:34.509837+00:00,True,
Nifty Energy,thematic,ind_niftyenergylist.csv,https://www.niftyindices.com/IndexConstituent/ind_niftyenergylist.csv,data/niftyindices/thematic/ind_niftyenergylist.csv,40,2026-09-05T19:01:35.314666+00:00,True,
Nifty India Consumption,thematic,ind_niftyconsumptionlist.csv,https://www.niftyindices.com/IndexConstituent/ind_niftyconsumptionlist.csv,data/niftyindices/thematic/ind_niftyconsumptionlist.csv,30,2026-09-05T19:01:36.291673+00:00,True,
Nifty Infrastructure,thematic,ind_niftyinfralist.csv,https://www.niftyindices.com/IndexConstituent/ind_niftyinfralist.csv,data/niftyindices/thematic/ind_niftyinfralist.csv,30,2026-09-05T19:01:37.211065+00:00,True,
Nifty India Manufacturing,thematic,ind_niftyindiamanufacturing_list.csv,https://www.niftyindices.com/IndexConstituent/ind_niftyindiamanufacturing_list.csv,data/niftyindices/thematic/ind_niftyindiamanufacturing_list.csv,76,2026-09-05T19:01:37.992064+00:00,True,
Nifty MNC,thematic,ind_niftymnclist.csv,https://www.niftyindices.com/IndexConstituent/ind_niftymnclist.csv,data/niftyindices/thematic/ind_niftymnclist.csv,30,2026-09-05T19:01:38.918286+00:00,True,
Nifty PSE,thematic,ind_niftypselist.csv,https://www.niftyindices.com/IndexConstituent/ind_niftypselist.csv,data/niftyindices/thematic/ind_niftypselist.csv,20,2026-09-05T19:01:39.833917+00:00,True,
Nifty Services Sector,thematic,ind_niftyservicelist.csv,https://www.niftyindices.com/IndexConstituent/ind_niftyservicelist.csv,data/niftyindices/thematic/ind_niftyservicelist.csv,30,2026-09-05T19:01:40.581755+00:00,True,
Nifty India Digital,thematic,ind_niftyindiadigital_list.csv,https://www.niftyindices.com/IndexConstituent/ind_niftyindiadigital_list.csv,data/niftyindices/thematic/ind_niftyindiadigital_list.csv,51,2026-09-05T19:01:41.350309+00:00,True,
Nifty India Defence,thematic,ind_niftyindiadefence_list.csv,https://www.niftyindices.com/IndexConstituent/ind_niftyindiadefence_list.csv,data/niftyindices/thematic/ind_niftyindiadefence_list.csv,19,2026-09-05T19:01:42.131005+00:00,True,
Nifty Mobility,thematic,ind_niftymobility_list.csv,https://www.niftyindices.com/IndexConstituent/ind_niftymobility_list.csv,data/niftyindices/thematic/ind_niftymobility_list.csv,30,2026-09-05T19:01:43.175000+00:00,True,
Nifty Non-Cyclical Consumer,thematic,ind_niftynoncyclicalconsumer_list.csv,https://www.niftyindices.com/IndexConstituent/ind_niftynon-cyclicalconsumer_list.csv,data/niftyindices/thematic/ind_niftynoncyclicalconsumer_list.csv,30,2026-09-05T19:01:44.228609+00:00,True,
Nifty Housing,thematic,ind_niftyhousing_list.csv,https://www.niftyindices.com/IndexConstituent/ind_niftyhousing_list.csv,data/niftyindices/thematic/ind_niftyhousing_list.csv,50,2026-09-05T19:01:45.253162+00:00,True,
Nifty Transportation & Logistics,thematic,ind_niftytransportationandlogistics_list.csv,https://www.niftyindices.com/IndexConstituent/ind_niftytransportationandlogistics_list.csv,data/niftyindices/thematic/ind_niftytransportationandlogistics_list.csv,30,2026-09-05T19:01:46.830861+00:00,True,
Nifty India Tourism,thematic,ind_niftyindiatourism_list.csv,https://www.niftyindices.com/IndexConstituent/ind_niftyindiatourism_list.csv,data/niftyindices/thematic/ind_niftyindiatourism_list.csv,15,2026-09-05T19:01:47.924764+00:00,True,
Nifty Capital Markets,thematic,ind_niftycapitalmarkets_list.csv,https://www.niftyindices.com/IndexConstituent/ind_niftyCapitalMarkets_list.csv,data/niftyindices/thematic/ind_niftycapitalmarkets_list.csv,17,2026-09-05T19:01:49.262601+00:00,True,
Nifty Rural,thematic,ind_niftyrural_list.csv,https://www.niftyindices.com/IndexConstituent/ind_niftyrural_list.csv,data/niftyindices/thematic/ind_niftyrural_list.csv,75,2026-09-05T19:01:49.964637+00:00,True,
Nifty REITs & InvITs,thematic,ind_niftyreitsandinvits_list.csv,https://www.niftyindices.com/IndexConstituent/ind_niftyREITs_InvITs_list.csv,data/niftyindices/thematic/ind_niftyreitsandinvits_list.csv,13,2026-09-05T19:01:50.958048+00:00,True,
